{
  "meta": {
    "source_image": "fingers5.jpg",
    "aruco_marker_id": 0,
    "aruco_physical_size_mm": 20.0,
    "mm_per_pixel": 0.204068,
    "nails_detected": 5,
    "measurement_notes": {
      "length_mm": "Base-to-tip along the nail long axis",
      "width_mm": "Widest point side-to-side",
      "c_curve_mm": "Arc depth (sagitta) across the width",
      "arc_radius_mm": "Radius of curvature: R = w\u00b2/(8h) + h/2",
      "thickness_mm": "Estimated from geometry (c_curve \u00d7 1.5, clamped 0.25\u20130.85 mm)"
    }
  },
  "nails": [
    {
      "finger": "pinky",
      "finger_id": 0,
      "tip_x": 591,
      "tip_y": 433,
      "length_mm": 36.94,
      "width_mm": 10.41,
      "c_curve_mm": 26.59,
      "arc_radius_mm": 15.07,
      "thickness_mm": 0.85,
      "aspect_ratio": 0.282,
      "pixel_scale_mm_per_px": 0.204068,
      "nail_polygon_px": [
        [
          590,
          431
        ],
        [
          589,
          432
        ],
        [
          586,
          432
        ],
        [
          585,
          433
        ],
        [
          584,
          433
        ],
        [
          583,
          434
        ],
        [
          582,
          434
        ],
        [
          581,
          435
        ],
        [
          580,
          435
        ],
        [
          576,
          439
        ],
        [
          576,
          440
        ],
        [
          575,
          441
        ],
        [
          575,
          442
        ],
        [
          574,
          443
        ],
        [
          574,
          445
        ],
        [
          573,
          446
        ],
        [
          573,
          450
        ],
        [
          572,
          451
        ],
        [
          572,
          453
        ],
        [
          571,
          454
        ],
        [
          571,
          458
        ],
        [
          570,
          459
        ],
        [
          570,
          468
        ],
        [
          569,
          469
        ],
        [
          569,
          481
        ],
        [
          568,
          482
        ],
        [
          568,
          612
        ],
        [
          619,
          612
        ],
        [
          619,
          462
        ],
        [
          618,
          461
        ],
        [
          618,
          460
        ],
        [
          617,
          459
        ],
        [
          617,
          457
        ],
        [
          616,
          456
        ],
        [
          616,
          454
        ],
        [
          615,
          453
        ],
        [
          615,
          452
        ],
        [
          614,
          451
        ],
        [
          614,
          450
        ],
        [
          613,
          449
        ],
        [
          613,
          448
        ],
        [
          611,
          446
        ],
        [
          611,
          445
        ],
        [
          609,
          443
        ],
        [
          609,
          442
        ],
        [
          604,
          437
        ],
        [
          604,
          436
        ],
        [
          603,
          436
        ],
        [
          601,
          434
        ],
        [
          600,
          434
        ],
        [
          599,
          433
        ],
        [
          598,
          433
        ],
        [
          597,
          432
        ],
        [
          594,
          432
        ],
        [
          593,
          431
        ]
      ]
    },
    {
      "finger": "ring",
      "finger_id": 1,
      "tip_x": 691,
      "tip_y": 304,
      "length_mm": 44.69,
      "width_mm": 9.18,
      "c_curve_mm": 26.39,
      "arc_radius_mm": 16.28,
      "thickness_mm": 0.85,
      "aspect_ratio": 0.205,
      "pixel_scale_mm_per_px": 0.204068,
      "nail_polygon_px": [
        [
          689,
          303
        ],
        [
          688,
          304
        ],
        [
          686,
          304
        ],
        [
          685,
          305
        ],
        [
          684,
          305
        ],
        [
          683,
          306
        ],
        [
          682,
          306
        ],
        [
          681,
          307
        ],
        [
          680,
          307
        ],
        [
          678,
          309
        ],
        [
          677,
          309
        ],
        [
          672,
          314
        ],
        [
          672,
          315
        ],
        [
          670,
          317
        ],
        [
          670,
          318
        ],
        [
          669,
          319
        ],
        [
          669,
          522
        ],
        [
          714,
          522
        ],
        [
          714,
          321
        ],
        [
          713,
          320
        ],
        [
          713,
          319
        ],
        [
          709,
          315
        ],
        [
          709,
          314
        ],
        [
          701,
          306
        ],
        [
          700,
          306
        ],
        [
          699,
          305
        ],
        [
          698,
          305
        ],
        [
          697,
          304
        ],
        [
          694,
          304
        ],
        [
          693,
          303
        ]
      ]
    },
    {
      "finger": "middle",
      "finger_id": 2,
      "tip_x": 794,
      "tip_y": 258,
      "length_mm": 47.55,
      "width_mm": 10.0,
      "c_curve_mm": 28.42,
      "arc_radius_mm": 17.57,
      "thickness_mm": 0.85,
      "aspect_ratio": 0.21,
      "pixel_scale_mm_per_px": 0.204068,
      "nail_polygon_px": [
        [
          791,
          257
        ],
        [
          790,
          258
        ],
        [
          788,
          258
        ],
        [
          787,
          259
        ],
        [
          785,
          259
        ],
        [
          784,
          260
        ],
        [
          783,
          260
        ],
        [
          782,
          261
        ],
        [
          781,
          261
        ],
        [
          779,
          263
        ],
        [
          778,
          263
        ],
        [
          772,
          269
        ],
        [
          772,
          490
        ],
        [
          821,
          490
        ],
        [
          821,
          281
        ],
        [
          820,
          280
        ],
        [
          820,
          278
        ],
        [
          819,
          277
        ],
        [
          819,
          276
        ],
        [
          818,
          275
        ],
        [
          818,
          274
        ],
        [
          817,
          273
        ],
        [
          817,
          272
        ],
        [
          816,
          271
        ],
        [
          816,
          270
        ],
        [
          814,
          268
        ],
        [
          814,
          267
        ],
        [
          808,
          261
        ],
        [
          807,
          261
        ],
        [
          806,
          260
        ],
        [
          805,
          260
        ],
        [
          804,
          259
        ],
        [
          803,
          259
        ],
        [
          802,
          258
        ],
        [
          799,
          258
        ],
        [
          798,
          257
        ]
      ]
    },
    {
      "finger": "index",
      "finger_id": 3,
      "tip_x": 906,
      "tip_y": 314,
      "length_mm": 44.08,
      "width_mm": 10.2,
      "c_curve_mm": 28.65,
      "arc_radius_mm": 17.12,
      "thickness_mm": 0.85,
      "aspect_ratio": 0.231,
      "pixel_scale_mm_per_px": 0.204068,